<?xml version="1.0" encoding="UTF-8"?>
<!DOCTYPE mapper
  PUBLIC "-//mybatis.org//DTD Mapper 3.0//EN"
  "http://mybatis.org/dtd/mybatis-3-mapper.dtd">
<mapper namespace="org.zerock.mapper.ReplyMapper">

	<!-- 등록 -->
	<insert id="insert">
		insert into tbl_reply(rno,bno,reply,replyer)
		values(seq_reply.nextval,#{bno},#{reply},#{replyer})
	</insert>
	
	<!-- 조회 -->
	<select id="read" resultType="org.zerock.domain.ReplyVO">
		select * from tbl_reply where rno = #{rno}
	</select>
	
	<!-- 삭제 -->
	<delete id="delete">
		delete from tbl_reply where rno = #{rno}
	</delete>
	
	<!-- 수정 -->
	<update id="update">
		update tbl_reply set reply = #{reply}, updatedate = sysdate where rno = #{rno}
	</update>
	
	<!-- 조회 w/ paging 처리 -->
	<select id="getListWithPaging" resultType="org.zerock.domain.ReplyVO">
		
		<![CDATA[
			select rno, bno, reply, replyer, replyDate, updateDate
			from(
				select /*+INDEX(tbl_reply idx_reply) */
				rownum rn, rno, bno, reply, replyer, replyDate, updateDate
				from tbl_reply
				where bno = #{bno}
				and rno > 0
				and rownum <= #{cri.pageNum} * #{cri.amount}
			)
			where rn > (#{cri.pageNum} - 1) * #{cri.amount}
		]]>
	</select>
	
	<select id="getCountByBno" resultType="int">
		<![CDATA[
			select count(rno) from tbl_reply where bno = #{bno}
		]]>
	</select>
	
	
</mapper>